iter	RMSE
0	8.778634678
1	8.624336665
2	8.459317642
3	8.312157496
4	8.161974534
5	8.01502085
6	7.872585104
7	7.730302198
8	7.596197944
9	7.463027312
